{
  "name": "admin",
  "version": "0.1.0",
  "private": true,
  "dependencies": {
    "@testing-library/dom": "^10.4.1",
    "@testing-library/jest-dom": "^6.8.0",
    "@testing-library/react": "^16.3.0",
    "@testing-library/user-event": "^13.5.0",
    "bootstrap": "^5.3.8",
    "eslint-config-google": "^0.14.0",
    "firebase": "^10.13.2",
    "react": "^18.3.1",
    "react-bootstrap": "^2.10.10",
    "react-dom": "^18.3.1",
    "react-dropzone": "^14.3.8",
    "react-icons": "^5.0.1",
    "react-pdf": "^10.2.0",
    "react-router-dom": "^7.9.3",
    "react-scripts": "5.0.1",
    "web-vitals": "^2.1.4",
    "xlsx": "^0.18.5"
  },
  "scripts": {
    "start": "react-scripts start",
    "build": "react-scripts build",
    "test": "react-scripts test",
    "eject": "react-scripts eject"
  },
  "eslintConfig": {
    "extends": [
      "react-app",
      "react-app/jest"
    ]
  },
  "browserslist": {
    "production": [
      ">0.2%",
      "not dead",
      "not op_mini all"
    ],
    "development": [
      "last 1 chrome version",
      "last 1 firefox version",
      "last 1 safari version"
    ]
  }
}
